{"PREVALENCE_BY_GENDER_AGE_YEAR":{"TRELLIS_NAME":[],"SERIES_NAME":[],"X_CALENDAR_YEAR":[],"Y_PREVALENCE_1000PP":[]},"PREVALENCE_BY_MONTH":{"X_CALENDAR_MONTH":[],"Y_PREVALENCE_1000PP":[]},"LENGTH_OF_ERA":{"CATEGORY":"Length of era","MIN_VALUE":1,"P10_VALUE":3,"P25_VALUE":5,"MEDIAN_VALUE":10,"P75_VALUE":17,"P90_VALUE":30,"MAX_VALUE":45},"AGE_AT_FIRST_DIAGNOSIS":{"CATEGORY":["FEMALE","MALE"],"MIN_VALUE":[48,34],"P10_VALUE":[48,56],"P25_VALUE":[52,56],"MEDIAN_VALUE":[67,66],"P75_VALUE":[70,78],"P90_VALUE":[81,87],"MAX_VALUE":[81,87]}}
