{"PREVALENCE_BY_GENDER_AGE_YEAR":{"TRELLIS_NAME":[],"SERIES_NAME":[],"X_CALENDAR_YEAR":[],"Y_PREVALENCE_1000PP":[]},"PREVALENCE_BY_MONTH":{"X_CALENDAR_MONTH":[],"Y_PREVALENCE_1000PP":[]},"LENGTH_OF_ERA":{"CATEGORY":"Length of era","MIN_VALUE":2,"P10_VALUE":2,"P25_VALUE":3,"MEDIAN_VALUE":11,"P75_VALUE":16,"P90_VALUE":17,"MAX_VALUE":22},"AGE_AT_FIRST_DIAGNOSIS":{"CATEGORY":["FEMALE","MALE"],"MIN_VALUE":[29,45],"P10_VALUE":[29,45],"P25_VALUE":[50,47],"MEDIAN_VALUE":[80,62],"P75_VALUE":[86,66],"P90_VALUE":[91,69],"MAX_VALUE":[91,69]}}
