{"PREVALENCE_BY_GENDER_AGE_YEAR":{"TRELLIS_NAME":[],"SERIES_NAME":[],"X_CALENDAR_YEAR":[],"Y_PREVALENCE_1000PP":[]},"PREVALENCE_BY_MONTH":{"X_CALENDAR_MONTH":[],"Y_PREVALENCE_1000PP":[]},"LENGTH_OF_ERA":{"CATEGORY":"Length of era","MIN_VALUE":0,"P10_VALUE":2,"P25_VALUE":5,"MEDIAN_VALUE":10,"P75_VALUE":14,"P90_VALUE":27,"MAX_VALUE":47},"AGE_AT_FIRST_DIAGNOSIS":{"CATEGORY":["FEMALE","MALE"],"MIN_VALUE":[26,64],"P10_VALUE":[38,64],"P25_VALUE":[58,66],"MEDIAN_VALUE":[67,72],"P75_VALUE":[80,79],"P90_VALUE":[91,87],"MAX_VALUE":[91,87]}}
