{"PREVALENCE_BY_GENDER_AGE_YEAR":{"TRELLIS_NAME":[],"SERIES_NAME":[],"X_CALENDAR_YEAR":[],"Y_PREVALENCE_1000PP":[]},"PREVALENCE_BY_MONTH":{"X_CALENDAR_MONTH":[],"Y_PREVALENCE_1000PP":[]},"LENGTH_OF_ERA":{"CATEGORY":"Length of era","MIN_VALUE":1,"P10_VALUE":2,"P25_VALUE":3,"MEDIAN_VALUE":5,"P75_VALUE":9,"P90_VALUE":17,"MAX_VALUE":28},"AGE_AT_FIRST_DIAGNOSIS":{"CATEGORY":["FEMALE","MALE"],"MIN_VALUE":[46,51],"P10_VALUE":[46,51],"P25_VALUE":[48,53],"MEDIAN_VALUE":[63,56],"P75_VALUE":[67,70],"P90_VALUE":[80,76],"MAX_VALUE":[91,76]}}
