{"PREVALENCE_BY_GENDER_AGE_YEAR":{"TRELLIS_NAME":[],"SERIES_NAME":[],"X_CALENDAR_YEAR":[],"Y_PREVALENCE_1000PP":[]},"PREVALENCE_BY_MONTH":{"X_CALENDAR_MONTH":[],"Y_PREVALENCE_1000PP":[]},"LENGTH_OF_ERA":{"CATEGORY":"Length of era","MIN_VALUE":1,"P10_VALUE":1,"P25_VALUE":4,"MEDIAN_VALUE":6,"P75_VALUE":17,"P90_VALUE":42,"MAX_VALUE":62},"AGE_AT_FIRST_DIAGNOSIS":{"CATEGORY":["FEMALE","MALE"],"MIN_VALUE":[50,60],"P10_VALUE":[50,60],"P25_VALUE":[52,60],"MEDIAN_VALUE":[70,67],"P75_VALUE":[89,72],"P90_VALUE":[92,87],"MAX_VALUE":[92,87]}}
