{"PREVALENCE_BY_GENDER_AGE_YEAR":{"TRELLIS_NAME":[],"SERIES_NAME":[],"X_CALENDAR_YEAR":[],"Y_PREVALENCE_1000PP":[]},"PREVALENCE_BY_MONTH":{"X_CALENDAR_MONTH":[],"Y_PREVALENCE_1000PP":[]},"LENGTH_OF_ERA":{"CATEGORY":"Length of era","MIN_VALUE":0,"P10_VALUE":1,"P25_VALUE":3,"MEDIAN_VALUE":6,"P75_VALUE":10,"P90_VALUE":23,"MAX_VALUE":87},"AGE_AT_FIRST_DIAGNOSIS":{"CATEGORY":["FEMALE","MALE"],"MIN_VALUE":[58,59],"P10_VALUE":[58,59],"P25_VALUE":[63,61],"MEDIAN_VALUE":[68,69],"P75_VALUE":[89,79],"P90_VALUE":[92,81],"MAX_VALUE":[92,81]}}
