{"PREVALENCE_BY_GENDER_AGE_YEAR":{"TRELLIS_NAME":[],"SERIES_NAME":[],"X_CALENDAR_YEAR":[],"Y_PREVALENCE_1000PP":[]},"PREVALENCE_BY_MONTH":{"X_CALENDAR_MONTH":[],"Y_PREVALENCE_1000PP":[]},"LENGTH_OF_ERA":{"CATEGORY":"Length of era","MIN_VALUE":3,"P10_VALUE":5,"P25_VALUE":6,"MEDIAN_VALUE":10,"P75_VALUE":17,"P90_VALUE":24,"MAX_VALUE":32},"AGE_AT_FIRST_DIAGNOSIS":{"CATEGORY":["FEMALE","MALE"],"MIN_VALUE":[28,42],"P10_VALUE":[28,44],"P25_VALUE":[50,51],"MEDIAN_VALUE":[68,59],"P75_VALUE":[74,69],"P90_VALUE":[83,82],"MAX_VALUE":[83,88]}}
