{"PREVALENCE_BY_GENDER_AGE_YEAR":{"TRELLIS_NAME":[],"SERIES_NAME":[],"X_CALENDAR_YEAR":[],"Y_PREVALENCE_1000PP":[]},"PREVALENCE_BY_MONTH":{"X_CALENDAR_MONTH":[],"Y_PREVALENCE_1000PP":[]},"LENGTH_OF_ERA":{"CATEGORY":"Length of era","MIN_VALUE":0,"P10_VALUE":1,"P25_VALUE":4,"MEDIAN_VALUE":7,"P75_VALUE":14,"P90_VALUE":32,"MAX_VALUE":87},"AGE_AT_FIRST_DIAGNOSIS":{"CATEGORY":["FEMALE","MALE"],"MIN_VALUE":[63,47],"P10_VALUE":[63,58],"P25_VALUE":[66,60],"MEDIAN_VALUE":[78,66],"P75_VALUE":[89,76],"P90_VALUE":[91,79],"MAX_VALUE":[91,87]}}
