{"PREVALENCE_BY_GENDER_AGE_YEAR":{"TRELLIS_NAME":[],"SERIES_NAME":[],"X_CALENDAR_YEAR":[],"Y_PREVALENCE_1000PP":[]},"PREVALENCE_BY_MONTH":{"X_CALENDAR_MONTH":[],"Y_PREVALENCE_1000PP":[]},"LENGTH_OF_ERA":{"CATEGORY":"Length of era","MIN_VALUE":2,"P10_VALUE":5,"P25_VALUE":6,"MEDIAN_VALUE":8,"P75_VALUE":14,"P90_VALUE":21,"MAX_VALUE":24},"AGE_AT_FIRST_DIAGNOSIS":{"CATEGORY":["FEMALE","MALE"],"MIN_VALUE":[21,44],"P10_VALUE":[21,44],"P25_VALUE":[29,45],"MEDIAN_VALUE":[72,70],"P75_VALUE":[82,82],"P90_VALUE":[91,87],"MAX_VALUE":[91,87]}}
