{"PREVALENCE_BY_GENDER_AGE_YEAR":{"TRELLIS_NAME":[],"SERIES_NAME":[],"X_CALENDAR_YEAR":[],"Y_PREVALENCE_1000PP":[]},"PREVALENCE_BY_MONTH":{"X_CALENDAR_MONTH":[],"Y_PREVALENCE_1000PP":[]},"LENGTH_OF_ERA":{"CATEGORY":"Length of era","MIN_VALUE":2,"P10_VALUE":2,"P25_VALUE":5,"MEDIAN_VALUE":6,"P75_VALUE":15,"P90_VALUE":24,"MAX_VALUE":41},"AGE_AT_FIRST_DIAGNOSIS":{"CATEGORY":["FEMALE","MALE"],"MIN_VALUE":[48,51],"P10_VALUE":[48,51],"P25_VALUE":[58,54],"MEDIAN_VALUE":[66,60],"P75_VALUE":[82,64],"P90_VALUE":[89,77],"MAX_VALUE":[89,77]}}
