{"PREVALENCE_BY_GENDER_AGE_YEAR":{"TRELLIS_NAME":[],"SERIES_NAME":[],"X_CALENDAR_YEAR":[],"Y_PREVALENCE_1000PP":[]},"PREVALENCE_BY_MONTH":{"X_CALENDAR_MONTH":[],"Y_PREVALENCE_1000PP":[]},"LENGTH_OF_ERA":{"CATEGORY":"Length of era","MIN_VALUE":1,"P10_VALUE":3,"P25_VALUE":5,"MEDIAN_VALUE":10,"P75_VALUE":23,"P90_VALUE":32,"MAX_VALUE":101},"AGE_AT_FIRST_DIAGNOSIS":{"CATEGORY":["FEMALE","MALE"],"MIN_VALUE":[21,51],"P10_VALUE":[21,51],"P25_VALUE":[28,53],"MEDIAN_VALUE":[48,64],"P75_VALUE":[82,78],"P90_VALUE":[89,80],"MAX_VALUE":[89,82]}}
