{"PREVALENCE_BY_GENDER_AGE_YEAR":{"TRELLIS_NAME":[],"SERIES_NAME":[],"X_CALENDAR_YEAR":[],"Y_PREVALENCE_1000PP":[]},"PREVALENCE_BY_MONTH":{"X_CALENDAR_MONTH":[],"Y_PREVALENCE_1000PP":[]},"LENGTH_OF_ERA":{"CATEGORY":"Length of era","MIN_VALUE":3,"P10_VALUE":4,"P25_VALUE":5,"MEDIAN_VALUE":11,"P75_VALUE":16,"P90_VALUE":29,"MAX_VALUE":45},"AGE_AT_FIRST_DIAGNOSIS":{"CATEGORY":["FEMALE","MALE"],"MIN_VALUE":[48,53],"P10_VALUE":[48,53],"P25_VALUE":[59,56],"MEDIAN_VALUE":[70,56],"P75_VALUE":[81,79],"P90_VALUE":[86,79],"MAX_VALUE":[86,79]}}
