{"PREVALENCE_BY_GENDER_AGE_YEAR":{"TRELLIS_NAME":[],"SERIES_NAME":[],"X_CALENDAR_YEAR":[],"Y_PREVALENCE_1000PP":[]},"PREVALENCE_BY_MONTH":{"X_CALENDAR_MONTH":[],"Y_PREVALENCE_1000PP":[]},"LENGTH_OF_ERA":{"CATEGORY":"Length of era","MIN_VALUE":2,"P10_VALUE":3,"P25_VALUE":5,"MEDIAN_VALUE":9,"P75_VALUE":16,"P90_VALUE":26,"MAX_VALUE":34},"AGE_AT_FIRST_DIAGNOSIS":{"CATEGORY":["FEMALE","MALE"],"MIN_VALUE":[48,43],"P10_VALUE":[48,47],"P25_VALUE":[51,58],"MEDIAN_VALUE":[74,64],"P75_VALUE":[81,69],"P90_VALUE":[91,79],"MAX_VALUE":[91,87]}}
