{"PREVALENCE_BY_GENDER_AGE_YEAR":{"TRELLIS_NAME":[],"SERIES_NAME":[],"X_CALENDAR_YEAR":[],"Y_PREVALENCE_1000PP":[]},"PREVALENCE_BY_MONTH":{"X_CALENDAR_MONTH":[],"Y_PREVALENCE_1000PP":[]},"LENGTH_OF_ERA":{"CATEGORY":"Length of era","MIN_VALUE":1,"P10_VALUE":2,"P25_VALUE":4,"MEDIAN_VALUE":10,"P75_VALUE":16,"P90_VALUE":30,"MAX_VALUE":42},"AGE_AT_FIRST_DIAGNOSIS":{"CATEGORY":["FEMALE","MALE"],"MIN_VALUE":[32,34],"P10_VALUE":[32,34],"P25_VALUE":[59,54],"MEDIAN_VALUE":[68,61],"P75_VALUE":[80,69],"P90_VALUE":[82,87],"MAX_VALUE":[82,87]}}
