{"PREVALENCE_BY_GENDER_AGE_YEAR":{"TRELLIS_NAME":[],"SERIES_NAME":[],"X_CALENDAR_YEAR":[],"Y_PREVALENCE_1000PP":[]},"PREVALENCE_BY_MONTH":{"X_CALENDAR_MONTH":[],"Y_PREVALENCE_1000PP":[]},"LENGTH_OF_ERA":{"CATEGORY":"Length of era","MIN_VALUE":1,"P10_VALUE":4,"P25_VALUE":5,"MEDIAN_VALUE":9,"P75_VALUE":23,"P90_VALUE":37,"MAX_VALUE":71},"AGE_AT_FIRST_DIAGNOSIS":{"CATEGORY":["FEMALE","MALE"],"MIN_VALUE":[48,47],"P10_VALUE":[48,47],"P25_VALUE":[64,61],"MEDIAN_VALUE":[74,66],"P75_VALUE":[83,79],"P90_VALUE":[89,87],"MAX_VALUE":[91,87]}}
