{"PREVALENCE_BY_GENDER_AGE_YEAR":{"TRELLIS_NAME":[],"SERIES_NAME":[],"X_CALENDAR_YEAR":[],"Y_PREVALENCE_1000PP":[]},"PREVALENCE_BY_MONTH":{"X_CALENDAR_MONTH":[],"Y_PREVALENCE_1000PP":[]},"LENGTH_OF_ERA":{"CATEGORY":"Length of era","MIN_VALUE":1,"P10_VALUE":3,"P25_VALUE":5,"MEDIAN_VALUE":8,"P75_VALUE":14,"P90_VALUE":34,"MAX_VALUE":45},"AGE_AT_FIRST_DIAGNOSIS":{"CATEGORY":["FEMALE","MALE"],"MIN_VALUE":[46,34],"P10_VALUE":[48,45],"P25_VALUE":[53,55],"MEDIAN_VALUE":[66,57],"P75_VALUE":[80,66],"P90_VALUE":[80,80],"MAX_VALUE":[81,84]}}
