{"PREVALENCE_BY_GENDER_AGE_YEAR":{"TRELLIS_NAME":[],"SERIES_NAME":[],"X_CALENDAR_YEAR":[],"Y_PREVALENCE_1000PP":[]},"PREVALENCE_BY_MONTH":{"X_CALENDAR_MONTH":[],"Y_PREVALENCE_1000PP":[]},"LENGTH_OF_ERA":{"CATEGORY":"Length of era","MIN_VALUE":2,"P10_VALUE":2,"P25_VALUE":5,"MEDIAN_VALUE":9,"P75_VALUE":17,"P90_VALUE":28,"MAX_VALUE":45},"AGE_AT_FIRST_DIAGNOSIS":{"CATEGORY":["FEMALE","MALE"],"MIN_VALUE":[32,43],"P10_VALUE":[48,51],"P25_VALUE":[58,55],"MEDIAN_VALUE":[70,64],"P75_VALUE":[81,77],"P90_VALUE":[82,86],"MAX_VALUE":[92,87]}}
