{"PREVALENCE_BY_GENDER_AGE_YEAR":{"TRELLIS_NAME":[],"SERIES_NAME":[],"X_CALENDAR_YEAR":[],"Y_PREVALENCE_1000PP":[]},"PREVALENCE_BY_MONTH":{"X_CALENDAR_MONTH":[],"Y_PREVALENCE_1000PP":[]},"LENGTH_OF_ERA":{"CATEGORY":"Length of era","MIN_VALUE":0,"P10_VALUE":1,"P25_VALUE":4,"MEDIAN_VALUE":6,"P75_VALUE":13,"P90_VALUE":19,"MAX_VALUE":23},"AGE_AT_FIRST_DIAGNOSIS":{"CATEGORY":["FEMALE","MALE"],"MIN_VALUE":[50,42],"P10_VALUE":[50,42],"P25_VALUE":[69,44],"MEDIAN_VALUE":[72,57],"P75_VALUE":[85,61],"P90_VALUE":[89,81],"MAX_VALUE":[89,81]}}
