{"PREVALENCE_BY_GENDER_AGE_YEAR":{"TRELLIS_NAME":[],"SERIES_NAME":[],"X_CALENDAR_YEAR":[],"Y_PREVALENCE_1000PP":[]},"PREVALENCE_BY_MONTH":{"X_CALENDAR_MONTH":[],"Y_PREVALENCE_1000PP":[]},"LENGTH_OF_ERA":{"CATEGORY":"Length of era","MIN_VALUE":2,"P10_VALUE":4,"P25_VALUE":5,"MEDIAN_VALUE":16,"P75_VALUE":23,"P90_VALUE":26,"MAX_VALUE":34},"AGE_AT_FIRST_DIAGNOSIS":{"CATEGORY":["FEMALE","MALE"],"MIN_VALUE":[48,43],"P10_VALUE":[48,43],"P25_VALUE":[50,47],"MEDIAN_VALUE":[68,60],"P75_VALUE":[80,70],"P90_VALUE":[81,88],"MAX_VALUE":[81,88]}}
