{"PREVALENCE_BY_GENDER_AGE_YEAR":{"TRELLIS_NAME":[],"SERIES_NAME":[],"X_CALENDAR_YEAR":[],"Y_PREVALENCE_1000PP":[]},"PREVALENCE_BY_MONTH":{"X_CALENDAR_MONTH":[],"Y_PREVALENCE_1000PP":[]},"LENGTH_OF_ERA":{"CATEGORY":"Length of era","MIN_VALUE":1,"P10_VALUE":2,"P25_VALUE":4,"MEDIAN_VALUE":8,"P75_VALUE":12,"P90_VALUE":31,"MAX_VALUE":61},"AGE_AT_FIRST_DIAGNOSIS":{"CATEGORY":["FEMALE","MALE"],"MIN_VALUE":[26,42],"P10_VALUE":[26,42],"P25_VALUE":[51,47],"MEDIAN_VALUE":[66,54],"P75_VALUE":[70,66],"P90_VALUE":[72,70],"MAX_VALUE":[92,72]}}
