{"PREVALENCE_BY_GENDER_AGE_YEAR":{"TRELLIS_NAME":[],"SERIES_NAME":[],"X_CALENDAR_YEAR":[],"Y_PREVALENCE_1000PP":[]},"PREVALENCE_BY_MONTH":{"X_CALENDAR_MONTH":[],"Y_PREVALENCE_1000PP":[]},"LENGTH_OF_ERA":{"CATEGORY":"Length of era","MIN_VALUE":0,"P10_VALUE":2,"P25_VALUE":4,"MEDIAN_VALUE":5,"P75_VALUE":12,"P90_VALUE":23,"MAX_VALUE":35},"AGE_AT_FIRST_DIAGNOSIS":{"CATEGORY":["FEMALE","MALE"],"MIN_VALUE":[28,44],"P10_VALUE":[28,44],"P25_VALUE":[29,49],"MEDIAN_VALUE":[51,54],"P75_VALUE":[68,61],"P90_VALUE":[80,62],"MAX_VALUE":[80,62]}}
