{"PREVALENCE_BY_GENDER_AGE_YEAR":{"TRELLIS_NAME":[],"SERIES_NAME":[],"X_CALENDAR_YEAR":[],"Y_PREVALENCE_1000PP":[]},"PREVALENCE_BY_MONTH":{"X_CALENDAR_MONTH":[],"Y_PREVALENCE_1000PP":[]},"LENGTH_OF_ERA":{"CATEGORY":"Length of era","MIN_VALUE":5,"P10_VALUE":6,"P25_VALUE":9,"MEDIAN_VALUE":15,"P75_VALUE":23,"P90_VALUE":40,"MAX_VALUE":45},"AGE_AT_FIRST_DIAGNOSIS":{"CATEGORY":["FEMALE","MALE"],"MIN_VALUE":[48,43],"P10_VALUE":[48,43],"P25_VALUE":[59,47],"MEDIAN_VALUE":[63,56],"P75_VALUE":[75,67],"P90_VALUE":[81,72],"MAX_VALUE":[81,72]}}
