{"PREVALENCE_BY_GENDER_AGE_YEAR":{"TRELLIS_NAME":[],"SERIES_NAME":[],"X_CALENDAR_YEAR":[],"Y_PREVALENCE_1000PP":[]},"PREVALENCE_BY_MONTH":{"X_CALENDAR_MONTH":[],"Y_PREVALENCE_1000PP":[]},"LENGTH_OF_ERA":{"CATEGORY":"Length of era","MIN_VALUE":0,"P10_VALUE":2,"P25_VALUE":4,"MEDIAN_VALUE":5,"P75_VALUE":14,"P90_VALUE":16,"MAX_VALUE":23},"AGE_AT_FIRST_DIAGNOSIS":{"CATEGORY":["FEMALE","MALE"],"MIN_VALUE":[48,47],"P10_VALUE":[48,47],"P25_VALUE":[50,54],"MEDIAN_VALUE":[64,60],"P75_VALUE":[80,69],"P90_VALUE":[92,72],"MAX_VALUE":[92,72]}}
