{"PREVALENCE_BY_GENDER_AGE_YEAR":{"TRELLIS_NAME":[],"SERIES_NAME":[],"X_CALENDAR_YEAR":[],"Y_PREVALENCE_1000PP":[]},"PREVALENCE_BY_MONTH":{"X_CALENDAR_MONTH":[],"Y_PREVALENCE_1000PP":[]},"LENGTH_OF_ERA":{"CATEGORY":"Length of era","MIN_VALUE":1,"P10_VALUE":3,"P25_VALUE":4,"MEDIAN_VALUE":5,"P75_VALUE":11,"P90_VALUE":17,"MAX_VALUE":40},"AGE_AT_FIRST_DIAGNOSIS":{"CATEGORY":["FEMALE","MALE"],"MIN_VALUE":[46,45],"P10_VALUE":[46,45],"P25_VALUE":[51,51],"MEDIAN_VALUE":[71,55],"P75_VALUE":[80,67],"P90_VALUE":[81,83],"MAX_VALUE":[81,83]}}
