{"CONCEPT_ID":[4145513,4140598,433753,320128,432867,197320,4138456,313217,439777,4008576,4064452,81902,433736,319835,432870,435517,442019,317576,437264,434894,435515,46271022,440383,317002,442077,318800,255848,437827,372887,44784439,444044,255573,192450,254061,319049,764123,4144111,434610,443597,132797,261880,44782429,440674,201826,437833,437390,4089488,196236,140673,4187218,4193704,138384,435243,441829,75860,437247,436962,442588,4282096,432585,4209423,436096,317009,37394658,4339214,40479192,31317,435796,434547,4295261,196523,373995,200528,46271075,4270024,193688,433163,42537730,436659,438398,444070,314666,434814,259992,435788,437779,4256228,443447,45768910,318772,4065288,44784631,198571,40481043,45768812,319843,439005,134736,437312,45766207],"CONCEPT_PATH":["NA||NA||NA||NA||ECG: sinus rhythm","NA||NA||NA||NA||ECG: sinus tachycardia","NA||NA||NA||NA||Alcohol abuse","NA||NA||NA||NA||Essential hypertension","NA||NA||NA||NA||Hyperlipidemia","NA||NA||NA||NA||Acute renal failure syndrome","NA||NA||NA||NA||ECG: sinus bradycardia","NA||NA||NA||NA||Atrial fibrillation","NA||NA||NA||NA||Anemia","NA||NA||NA||NA||Diabetes mellitus without complication","NA||NA||NA||NA||ECG: atrial fibrillation","NA||NA||NA||NA||Urinary tract infectious disease","NA||NA||NA||NA||Obesity","NA||NA||NA||NA||Congestive heart failure","NA||NA||NA||NA||Thrombocytopenic disorder","NA||NA||NA||NA||Acidosis","NA||NA||NA||NA||Complication of procedure","NA||NA||NA||NA||Coronary arteriosclerosis","NA||NA||NA||NA||Tobacco dependence syndrome","NA||NA||NA||NA||Acute posthemorrhagic anemia","NA||NA||NA||NA||Hypo-osmolality and or hyponatremia","NA||NA||NA||NA||Chronic kidney disease","NA||NA||NA||NA||Depressive disorder","NA||NA||NA||NA||Low blood pressure","NA||NA||NA||NA||Anxiety disorder","NA||NA||NA||NA||Gastroesophageal reflux disease","NA||NA||NA||NA||Pneumonia","NA||NA||NA||NA||Pure hypercholesterolemia","NA||NA||NA||NA||Disorder of brain","NA||NA||NA||NA||Benign hypertensive renal disease with renal failure","NA||NA||NA||NA||Acute tubular necrosis","NA||NA||NA||NA||Chronic obstructive lung disease","NA||NA||NA||NA||Retention of urine","NA||NA||NA||NA||Pleural effusion","NA||NA||NA||NA||Acute respiratory failure","NA||NA||NA||NA||Atherosclerosis of coronary artery without angina pectoris","NA||NA||NA||NA||Gastroesophageal reflux disease without esophagitis","NA||NA||NA||NA||Hyperkalemia","NA||NA||NA||NA||Chronic kidney disease stage 3","NA||NA||NA||NA||Sepsis","NA||NA||NA||NA||Atelectasis","NA||NA||NA||NA||Chronic kidney disease due to hypertension","NA||NA||NA||NA||Gout","NA||NA||NA||NA||Type 2 diabetes mellitus","NA||NA||NA||NA||Hypokalemia","NA||NA||NA||NA||Hypoxemia","NA||NA||NA||NA||Atrial pacing pattern","NA||NA||NA||NA||Septic shock","NA||NA||NA||NA||Hypothyroidism","NA||NA||NA||NA||Pneumonitis due to inhaled substance","NA||NA||NA||NA||Type 2 diabetes mellitus without complication","NA||NA||NA||NA||Acquired hypothyroidism","NA||NA||NA||NA||Alcohol dependence","NA||NA||NA||NA||Hyperosmolality and or hypernatremia","NA||NA||NA||NA||Constipation","NA||NA||NA||NA||Anemia of chronic disease","NA||NA||NA||NA||Insomnia","NA||NA||NA||NA||Obstructive sleep apnea syndrome","NA||NA||NA||NA||Major depression, single episode","NA||NA||NA||NA||Blood coagulation disorder","NA||NA||NA||NA||Nicotine dependence","NA||NA||NA||NA||Chronic pain","NA||NA||NA||NA||Asthma","NA||NA||NA||NA||Severe sepsis","NA||NA||NA||NA||Secondary pulmonary hypertension","NA||NA||NA||NA||Chronic systolic heart failure","NA||NA||NA||NA||Dysphagia","NA||NA||NA||NA||Dehydration","NA||NA||NA||NA||Complication of surgical procedure","NA||NA||NA||NA||Postmenopausal state","NA||NA||NA||NA||Diarrhea","NA||NA||NA||NA||Delirium","NA||NA||NA||NA||Ascites","NA||NA||NA||NA||Acute hypoxemic respiratory failure","NA||NA||NA||NA||Acute non-ST segment elevation myocardial infarction","NA||NA||NA||NA||Clostridioides difficile infection","NA||NA||NA||NA||Deficiency of macronutrients","NA||NA||NA||NA||Coronary artery graft present","NA||NA||NA||NA||Iron deficiency anemia","NA||NA||NA||NA||Leukocytosis","NA||NA||NA||NA||Tachycardia","NA||NA||NA||NA||Old myocardial infarction","NA||NA||NA||NA||Late effect of medical and surgical care complication","NA||NA||NA||NA||Ventilator associated pneumonia","NA||NA||NA||NA||Disorder of phosphorus metabolism","NA||NA||NA||NA||Streptococcal infectious disease","NA||NA||NA||NA||Respiratory failure","NA||NA||NA||NA||Iatrogenic hypotension","NA||NA||NA||NA||Uncomplicated asthma","NA||NA||NA||NA||Disorder of pericardium","NA||NA||NA||NA||EKG: atrial flutter","NA||NA||NA||NA||Pain due to neoplastic disease","NA||NA||NA||NA||Cardiogenic shock","NA||NA||NA||NA||Acute on chronic diastolic heart failure","NA||NA||NA||NA||Anemia in chronic kidney disease","NA||NA||NA||NA||Mitral valve disorder","NA||NA||NA||NA||Chronic alcoholism in remission","NA||NA||NA||NA||Backache","NA||NA||NA||NA||Bleeding","NA||NA||NA||NA||Non-rheumatic mitral valve stenosis with regurgitation"],"NUM_PERSONS":[91,65,60,53,47,32,28,27,25,24,23,22,20,20,20,19,19,19,18,18,18,16,16,16,15,15,15,15,14,14,14,14,14,13,13,13,13,13,12,12,12,11,11,11,11,11,11,11,10,10,10,10,10,10,10,9,9,9,9,9,9,9,9,8,8,8,8,8,8,8,8,8,8,8,8,7,7,7,7,7,7,7,7,7,7,7,6,6,6,6,6,6,6,6,6,6,6,6,6,6],"PERCENT_PERSONS":[0.91,0.65,0.6,0.53,0.47,0.32,0.28,0.27,0.25,0.24,0.23,0.22,0.2,0.2,0.2,0.19,0.19,0.19,0.18,0.18,0.18,0.16,0.16,0.16,0.15,0.15,0.15,0.15,0.14,0.14,0.14,0.14,0.14,0.13,0.13,0.13,0.13,0.13,0.12,0.12,0.12,0.11,0.11,0.11,0.11,0.11,0.11,0.11,0.1,0.1,0.1,0.1,0.1,0.1,0.1,0.09,0.09,0.09,0.09,0.09,0.09,0.09,0.09,0.08,0.08,0.08,0.08,0.08,0.08,0.08,0.08,0.08,0.08,0.08,0.08,0.07,0.07,0.07,0.07,0.07,0.07,0.07,0.07,0.07,0.07,0.07,0.06,0.06,0.06,0.06,0.06,0.06,0.06,0.06,0.06,0.06,0.06,0.06,0.06,0.06],"RECORDS_PER_PERSON":[71.76923,35.41538,3.01667,1.88679,2.38298,2,13.92857,2.11111,1.64,1.58333,104.56522,1.63636,2.15,2.55,1.3,1.31579,1.15789,1.47368,1.33333,1.38889,1.77778,1.375,1.875,1.125,2.53333,1.46667,1,2.06667,1.07143,1.92857,1,2.14286,1.14286,1.07692,1.15385,2.53846,1.30769,1.46154,2.41667,1.66667,1.08333,1.72727,2.63636,4.81818,1,1.09091,13.90909,1.09091,4.7,1,2.6,1.5,1.6,1.2,1,1.22222,1.33333,2.77778,3.55556,1.11111,2.66667,2.33333,1.44444,1,1.375,1,1.125,1.125,1.125,2.125,1.125,1.25,1.5,1.375,1.125,1.28571,1.14286,3.42857,2,1,1,2.42857,1.28571,1.14286,1.14286,1.14286,1,1,1.83333,1.16667,5.83333,1.5,1.16667,1.83333,1.66667,1.83333,1,1.5,1,1.16667]}
