{"SUMMARY":{"ATTRIBUTE_NAME":["Source name","Number of persons"],"ATTRIBUTE_VALUE":["Mimic","100"]},"GENDER_DATA":{"CONCEPT_ID":[8532,8507],"CONCEPT_NAME":["FEMALE","MALE"],"COUNT_VALUE":[43,57]},"AGE_AT_FIRST_OBSERVATION_HISTOGRAM":{"MIN":0,"MAX":100,"INTERVAL_SIZE":1,"INTERVALS":100,"DATA":{"INTERVAL_INDEX":[63,66],"COUNT_VALUE":[6,6],"PERCENT_VALUE":[0.06,0.06]}},"CUMULATIVE_DURATION":{"SERIES_NAME":["Length of observation","Length of observation","Length of observation"],"X_LENGTH_OF_OBSERVATION":[0,30,360],"Y_PERCENT_PERSONS":[0.55,0.15,0.06]},"OBSERVED_BY_MONTH":{"MONTH_YEAR":213701,"COUNT_VALUE":6,"PERCENT_VALUE":0.06}}
