{"AGE_AT_FIRST_EXPOSURE":{"CATEGORY":["FEMALE","MALE"],"MIN_VALUE":[21,44],"P10_VALUE":[21,44],"P25_VALUE":[38,60],"MEDIAN_VALUE":[53,64],"P75_VALUE":[59,78],"P90_VALUE":[89,81],"MAX_VALUE":[89,81]},"PREVALENCE_BY_GENDER_AGE_YEAR":{"TRELLIS_NAME":[],"SERIES_NAME":[],"X_CALENDAR_YEAR":[],"Y_PREVALENCE_1000PP":[]},"PREVALENCE_BY_MONTH":{"X_CALENDAR_MONTH":[],"Y_PREVALENCE_1000PP":[]},"LENGTH_OF_ERA":{"CATEGORY":"Length of Era","MIN_VALUE":0,"P10_VALUE":1,"P25_VALUE":2,"MEDIAN_VALUE":5,"P75_VALUE":15,"P90_VALUE":30,"MAX_VALUE":76}}
