{"AGE_AT_FIRST_EXPOSURE":{"CATEGORY":["FEMALE","MALE"],"MIN_VALUE":[21,34],"P10_VALUE":[21,34],"P25_VALUE":[29,56],"MEDIAN_VALUE":[50,76],"P75_VALUE":[75,79],"P90_VALUE":[83,88],"MAX_VALUE":[83,88]},"PREVALENCE_BY_GENDER_AGE_YEAR":{"TRELLIS_NAME":[],"SERIES_NAME":[],"X_CALENDAR_YEAR":[],"Y_PREVALENCE_1000PP":[]},"PREVALENCE_BY_MONTH":{"X_CALENDAR_MONTH":[],"Y_PREVALENCE_1000PP":[]},"LENGTH_OF_ERA":{"CATEGORY":"Length of Era","MIN_VALUE":0,"P10_VALUE":0,"P25_VALUE":1,"MEDIAN_VALUE":1,"P75_VALUE":3,"P90_VALUE":5,"MAX_VALUE":9}}
