{"AGE_AT_FIRST_EXPOSURE":{"CATEGORY":["FEMALE","MALE"],"MIN_VALUE":[29,45],"P10_VALUE":[48,55],"P25_VALUE":[48,58],"MEDIAN_VALUE":[58,64],"P75_VALUE":[70,70],"P90_VALUE":[80,81],"MAX_VALUE":[88,87]},"PREVALENCE_BY_GENDER_AGE_YEAR":{"TRELLIS_NAME":[],"SERIES_NAME":[],"X_CALENDAR_YEAR":[],"Y_PREVALENCE_1000PP":[]},"PREVALENCE_BY_MONTH":{"X_CALENDAR_MONTH":[],"Y_PREVALENCE_1000PP":[]},"LENGTH_OF_ERA":{"CATEGORY":"Length of Era","MIN_VALUE":0,"P10_VALUE":1,"P25_VALUE":3,"MEDIAN_VALUE":5,"P75_VALUE":15,"P90_VALUE":30,"MAX_VALUE":76}}
