{"AGE_AT_FIRST_EXPOSURE":{"CATEGORY":["FEMALE","MALE"],"MIN_VALUE":[29,34],"P10_VALUE":[46,43],"P25_VALUE":[52,59],"MEDIAN_VALUE":[63,66],"P75_VALUE":[80,77],"P90_VALUE":[89,82],"MAX_VALUE":[92,87]},"PREVALENCE_BY_GENDER_AGE_YEAR":{"TRELLIS_NAME":[],"SERIES_NAME":[],"X_CALENDAR_YEAR":[],"Y_PREVALENCE_1000PP":[]},"PREVALENCE_BY_MONTH":{"X_CALENDAR_MONTH":[],"Y_PREVALENCE_1000PP":[]},"LENGTH_OF_ERA":{"CATEGORY":"Length of Era","MIN_VALUE":0,"P10_VALUE":2,"P25_VALUE":3,"MEDIAN_VALUE":7,"P75_VALUE":14,"P90_VALUE":30,"MAX_VALUE":46}}
