{"AGE_AT_FIRST_EXPOSURE":{"CATEGORY":["FEMALE","MALE"],"MIN_VALUE":[21,34],"P10_VALUE":[26,43],"P25_VALUE":[51,56],"MEDIAN_VALUE":[68,64],"P75_VALUE":[80,78],"P90_VALUE":[88,82],"MAX_VALUE":[91,87]},"PREVALENCE_BY_GENDER_AGE_YEAR":{"TRELLIS_NAME":[],"SERIES_NAME":[],"X_CALENDAR_YEAR":[],"Y_PREVALENCE_1000PP":[]},"PREVALENCE_BY_MONTH":{"X_CALENDAR_MONTH":[],"Y_PREVALENCE_1000PP":[]},"LENGTH_OF_ERA":{"CATEGORY":"Length of Era","MIN_VALUE":0,"P10_VALUE":0,"P25_VALUE":0,"MEDIAN_VALUE":1,"P75_VALUE":3,"P90_VALUE":9,"MAX_VALUE":30}}
