{"AGE_AT_FIRST_EXPOSURE":{"CATEGORY":["FEMALE","MALE"],"MIN_VALUE":[29,34],"P10_VALUE":[29,34],"P25_VALUE":[48,51],"MEDIAN_VALUE":[71,64],"P75_VALUE":[80,72],"P90_VALUE":[83,82],"MAX_VALUE":[91,87]},"PREVALENCE_BY_GENDER_AGE_YEAR":{"TRELLIS_NAME":[],"SERIES_NAME":[],"X_CALENDAR_YEAR":[],"Y_PREVALENCE_1000PP":[]},"PREVALENCE_BY_MONTH":{"X_CALENDAR_MONTH":[],"Y_PREVALENCE_1000PP":[]},"LENGTH_OF_ERA":{"CATEGORY":"Length of Era","MIN_VALUE":0,"P10_VALUE":0,"P25_VALUE":1,"MEDIAN_VALUE":1,"P75_VALUE":3,"P90_VALUE":14,"MAX_VALUE":27}}
