{"AGE_AT_FIRST_EXPOSURE":{"CATEGORY":["FEMALE","MALE"],"MIN_VALUE":[21,53],"P10_VALUE":[21,53],"P25_VALUE":[32,56],"MEDIAN_VALUE":[48,61],"P75_VALUE":[66,72],"P90_VALUE":[70,83],"MAX_VALUE":[70,83]},"PREVALENCE_BY_GENDER_AGE_YEAR":{"TRELLIS_NAME":[],"SERIES_NAME":[],"X_CALENDAR_YEAR":[],"Y_PREVALENCE_1000PP":[]},"PREVALENCE_BY_MONTH":{"X_CALENDAR_MONTH":[],"Y_PREVALENCE_1000PP":[]},"LENGTH_OF_ERA":{"CATEGORY":"Length of Era","MIN_VALUE":0,"P10_VALUE":0,"P25_VALUE":2,"MEDIAN_VALUE":4,"P75_VALUE":7,"P90_VALUE":14,"MAX_VALUE":33}}
