{"AGE_AT_FIRST_EXPOSURE":{"CATEGORY":["FEMALE","MALE"],"MIN_VALUE":[29,44],"P10_VALUE":[29,47],"P25_VALUE":[48,52],"MEDIAN_VALUE":[59,57],"P75_VALUE":[74,79],"P90_VALUE":[81,87],"MAX_VALUE":[92,91]},"PREVALENCE_BY_GENDER_AGE_YEAR":{"TRELLIS_NAME":[],"SERIES_NAME":[],"X_CALENDAR_YEAR":[],"Y_PREVALENCE_1000PP":[]},"PREVALENCE_BY_MONTH":{"X_CALENDAR_MONTH":[],"Y_PREVALENCE_1000PP":[]},"LENGTH_OF_ERA":{"CATEGORY":"Length of Era","MIN_VALUE":0,"P10_VALUE":1,"P25_VALUE":2,"MEDIAN_VALUE":3,"P75_VALUE":5,"P90_VALUE":13,"MAX_VALUE":36}}
