{"AGE_AT_FIRST_EXPOSURE":{"CATEGORY":["FEMALE","MALE"],"MIN_VALUE":[48,43],"P10_VALUE":[48,47],"P25_VALUE":[60,52],"MEDIAN_VALUE":[69,64],"P75_VALUE":[81,72],"P90_VALUE":[86,79],"MAX_VALUE":[89,87]},"PREVALENCE_BY_GENDER_AGE_YEAR":{"TRELLIS_NAME":[],"SERIES_NAME":[],"X_CALENDAR_YEAR":[],"Y_PREVALENCE_1000PP":[]},"PREVALENCE_BY_MONTH":{"X_CALENDAR_MONTH":[],"Y_PREVALENCE_1000PP":[]},"LENGTH_OF_ERA":{"CATEGORY":"Length of Era","MIN_VALUE":0,"P10_VALUE":1,"P25_VALUE":2,"MEDIAN_VALUE":3,"P75_VALUE":6,"P90_VALUE":19,"MAX_VALUE":25}}
