{"AGE_AT_FIRST_EXPOSURE":{"CATEGORY":["FEMALE","MALE"],"MIN_VALUE":[38,34],"P10_VALUE":[48,42],"P25_VALUE":[52,51],"MEDIAN_VALUE":[70,60],"P75_VALUE":[81,67],"P90_VALUE":[82,77],"MAX_VALUE":[88,81]},"PREVALENCE_BY_GENDER_AGE_YEAR":{"TRELLIS_NAME":[],"SERIES_NAME":[],"X_CALENDAR_YEAR":[],"Y_PREVALENCE_1000PP":[]},"PREVALENCE_BY_MONTH":{"X_CALENDAR_MONTH":[],"Y_PREVALENCE_1000PP":[]},"LENGTH_OF_ERA":{"CATEGORY":"Length of Era","MIN_VALUE":0,"P10_VALUE":1,"P25_VALUE":1,"MEDIAN_VALUE":2,"P75_VALUE":5,"P90_VALUE":15,"MAX_VALUE":37}}
