{"AGE_AT_FIRST_EXPOSURE":{"CATEGORY":["FEMALE","MALE"],"MIN_VALUE":[46,42],"P10_VALUE":[46,53],"P25_VALUE":[63,59],"MEDIAN_VALUE":[65,63],"P75_VALUE":[75,69],"P90_VALUE":[78,72],"MAX_VALUE":[82,77]},"PREVALENCE_BY_GENDER_AGE_YEAR":{"TRELLIS_NAME":[],"SERIES_NAME":[],"X_CALENDAR_YEAR":[],"Y_PREVALENCE_1000PP":[]},"PREVALENCE_BY_MONTH":{"X_CALENDAR_MONTH":[],"Y_PREVALENCE_1000PP":[]},"LENGTH_OF_ERA":{"CATEGORY":"Length of Era","MIN_VALUE":0,"P10_VALUE":0,"P25_VALUE":1,"MEDIAN_VALUE":3,"P75_VALUE":5,"P90_VALUE":13,"MAX_VALUE":39}}
