{"AGE_AT_FIRST_EXPOSURE":{"CATEGORY":["FEMALE","MALE"],"MIN_VALUE":[26,34],"P10_VALUE":[38,34],"P25_VALUE":[53,43],"MEDIAN_VALUE":[67,56],"P75_VALUE":[75,69],"P90_VALUE":[81,86],"MAX_VALUE":[83,87]},"PREVALENCE_BY_GENDER_AGE_YEAR":{"TRELLIS_NAME":[],"SERIES_NAME":[],"X_CALENDAR_YEAR":[],"Y_PREVALENCE_1000PP":[]},"PREVALENCE_BY_MONTH":{"X_CALENDAR_MONTH":[],"Y_PREVALENCE_1000PP":[]},"LENGTH_OF_ERA":{"CATEGORY":"Length of Era","MIN_VALUE":0,"P10_VALUE":0,"P25_VALUE":2,"MEDIAN_VALUE":3,"P75_VALUE":6,"P90_VALUE":13,"MAX_VALUE":52}}
