{"AGE_AT_FIRST_EXPOSURE":{"CATEGORY":["FEMALE","MALE"],"MIN_VALUE":[21,28],"P10_VALUE":[21,34],"P25_VALUE":[29,52],"MEDIAN_VALUE":[53,65],"P75_VALUE":[68,70],"P90_VALUE":[75,78],"MAX_VALUE":[82,82]},"PREVALENCE_BY_GENDER_AGE_YEAR":{"TRELLIS_NAME":[],"SERIES_NAME":[],"X_CALENDAR_YEAR":[],"Y_PREVALENCE_1000PP":[]},"PREVALENCE_BY_MONTH":{"X_CALENDAR_MONTH":[],"Y_PREVALENCE_1000PP":[]},"LENGTH_OF_ERA":{"CATEGORY":"Length of Era","MIN_VALUE":0,"P10_VALUE":1,"P25_VALUE":2,"MEDIAN_VALUE":4,"P75_VALUE":7,"P90_VALUE":9,"MAX_VALUE":50}}
