{"AGE_AT_FIRST_EXPOSURE":{"CATEGORY":["FEMALE","MALE"],"MIN_VALUE":[29,34],"P10_VALUE":[38,43],"P25_VALUE":[57,59],"MEDIAN_VALUE":[71,64],"P75_VALUE":[81,69],"P90_VALUE":[91,80],"MAX_VALUE":[91,82]},"PREVALENCE_BY_GENDER_AGE_YEAR":{"TRELLIS_NAME":[],"SERIES_NAME":[],"X_CALENDAR_YEAR":[],"Y_PREVALENCE_1000PP":[]},"PREVALENCE_BY_MONTH":{"X_CALENDAR_MONTH":[],"Y_PREVALENCE_1000PP":[]},"LENGTH_OF_ERA":{"CATEGORY":"Length of Era","MIN_VALUE":0,"P10_VALUE":0,"P25_VALUE":1,"MEDIAN_VALUE":1,"P75_VALUE":3,"P90_VALUE":15,"MAX_VALUE":27}}
