{"AGE_AT_FIRST_EXPOSURE":{"CATEGORY":["FEMALE","MALE"],"MIN_VALUE":[52,28],"P10_VALUE":[52,42],"P25_VALUE":[63,59],"MEDIAN_VALUE":[72,66],"P75_VALUE":[81,76],"P90_VALUE":[83,82],"MAX_VALUE":[83,86]},"PREVALENCE_BY_GENDER_AGE_YEAR":{"TRELLIS_NAME":[],"SERIES_NAME":[],"X_CALENDAR_YEAR":[],"Y_PREVALENCE_1000PP":[]},"PREVALENCE_BY_MONTH":{"X_CALENDAR_MONTH":[],"Y_PREVALENCE_1000PP":[]},"LENGTH_OF_ERA":{"CATEGORY":"Length of Era","MIN_VALUE":0,"P10_VALUE":0,"P25_VALUE":2,"MEDIAN_VALUE":3,"P75_VALUE":6,"P90_VALUE":12,"MAX_VALUE":62}}
