{"AGE_AT_FIRST_EXPOSURE":{"CATEGORY":["FEMALE","MALE"],"MIN_VALUE":[46,44],"P10_VALUE":[48,48],"P25_VALUE":[55,52],"MEDIAN_VALUE":[63,60],"P75_VALUE":[75,72],"P90_VALUE":[85,80],"MAX_VALUE":[88,87]},"PREVALENCE_BY_GENDER_AGE_YEAR":{"TRELLIS_NAME":[],"SERIES_NAME":[],"X_CALENDAR_YEAR":[],"Y_PREVALENCE_1000PP":[]},"PREVALENCE_BY_MONTH":{"X_CALENDAR_MONTH":[],"Y_PREVALENCE_1000PP":[]},"LENGTH_OF_ERA":{"CATEGORY":"Length of Era","MIN_VALUE":0,"P10_VALUE":0,"P25_VALUE":2,"MEDIAN_VALUE":5,"P75_VALUE":14,"P90_VALUE":32,"MAX_VALUE":76}}
