{"AGE_AT_FIRST_EXPOSURE":{"CATEGORY":["FEMALE","MALE"],"MIN_VALUE":[21,28],"P10_VALUE":[21,43],"P25_VALUE":[50,52],"MEDIAN_VALUE":[69,66],"P75_VALUE":[71,78],"P90_VALUE":[81,81],"MAX_VALUE":[81,87]},"PREVALENCE_BY_GENDER_AGE_YEAR":{"TRELLIS_NAME":[],"SERIES_NAME":[],"X_CALENDAR_YEAR":[],"Y_PREVALENCE_1000PP":[]},"PREVALENCE_BY_MONTH":{"X_CALENDAR_MONTH":[],"Y_PREVALENCE_1000PP":[]},"LENGTH_OF_ERA":{"CATEGORY":"Length of Era","MIN_VALUE":0,"P10_VALUE":1,"P25_VALUE":1,"MEDIAN_VALUE":2,"P75_VALUE":3,"P90_VALUE":7,"MAX_VALUE":20}}
