{"AGE_AT_FIRST_EXPOSURE":{"CATEGORY":["FEMALE","MALE"],"MIN_VALUE":[58,42],"P10_VALUE":[58,48],"P25_VALUE":[64,55],"MEDIAN_VALUE":[80,62],"P75_VALUE":[86,76],"P90_VALUE":[91,81],"MAX_VALUE":[91,84]},"PREVALENCE_BY_GENDER_AGE_YEAR":{"TRELLIS_NAME":[],"SERIES_NAME":[],"X_CALENDAR_YEAR":[],"Y_PREVALENCE_1000PP":[]},"PREVALENCE_BY_MONTH":{"X_CALENDAR_MONTH":[],"Y_PREVALENCE_1000PP":[]},"LENGTH_OF_ERA":{"CATEGORY":"Length of Era","MIN_VALUE":0,"P10_VALUE":1,"P25_VALUE":3,"MEDIAN_VALUE":5,"P75_VALUE":8,"P90_VALUE":15,"MAX_VALUE":30}}
