{"AGE_AT_FIRST_EXPOSURE":{"CATEGORY":["FEMALE","MALE"],"MIN_VALUE":[48,34],"P10_VALUE":[48,34],"P25_VALUE":[50,51],"MEDIAN_VALUE":[59,56],"P75_VALUE":[81,59],"P90_VALUE":[89,66],"MAX_VALUE":[89,66]},"PREVALENCE_BY_GENDER_AGE_YEAR":{"TRELLIS_NAME":[],"SERIES_NAME":[],"X_CALENDAR_YEAR":[],"Y_PREVALENCE_1000PP":[]},"PREVALENCE_BY_MONTH":{"X_CALENDAR_MONTH":[],"Y_PREVALENCE_1000PP":[]},"LENGTH_OF_ERA":{"CATEGORY":"Length of Era","MIN_VALUE":0,"P10_VALUE":0,"P25_VALUE":1,"MEDIAN_VALUE":3,"P75_VALUE":6,"P90_VALUE":8,"MAX_VALUE":28}}
