{"AGE_AT_FIRST_EXPOSURE":{"CATEGORY":["FEMALE","MALE"],"MIN_VALUE":[21,28],"P10_VALUE":[28,44],"P25_VALUE":[46,52],"MEDIAN_VALUE":[63,62],"P75_VALUE":[75,70],"P90_VALUE":[86,78],"MAX_VALUE":[92,86]},"PREVALENCE_BY_GENDER_AGE_YEAR":{"TRELLIS_NAME":[],"SERIES_NAME":[],"X_CALENDAR_YEAR":[],"Y_PREVALENCE_1000PP":[]},"PREVALENCE_BY_MONTH":{"X_CALENDAR_MONTH":[],"Y_PREVALENCE_1000PP":[]},"LENGTH_OF_ERA":{"CATEGORY":"Length of Era","MIN_VALUE":0,"P10_VALUE":0,"P25_VALUE":0,"MEDIAN_VALUE":1,"P75_VALUE":4,"P90_VALUE":21,"MAX_VALUE":59}}
