{"AGE_AT_FIRST_EXPOSURE":{"CATEGORY":["FEMALE","MALE"],"MIN_VALUE":[21,43],"P10_VALUE":[21,43],"P25_VALUE":[51,56],"MEDIAN_VALUE":[53,63],"P75_VALUE":[68,65],"P90_VALUE":[92,87],"MAX_VALUE":[92,87]},"PREVALENCE_BY_GENDER_AGE_YEAR":{"TRELLIS_NAME":[],"SERIES_NAME":[],"X_CALENDAR_YEAR":[],"Y_PREVALENCE_1000PP":[]},"PREVALENCE_BY_MONTH":{"X_CALENDAR_MONTH":[],"Y_PREVALENCE_1000PP":[]},"LENGTH_OF_ERA":{"CATEGORY":"Length of Era","MIN_VALUE":0,"P10_VALUE":0,"P25_VALUE":1,"MEDIAN_VALUE":4,"P75_VALUE":9,"P90_VALUE":27,"MAX_VALUE":46}}
