{"AGE_AT_FIRST_EXPOSURE":{"CATEGORY":["FEMALE","MALE"],"MIN_VALUE":[32,44],"P10_VALUE":[32,53],"P25_VALUE":[68,56],"MEDIAN_VALUE":[72,69],"P75_VALUE":[83,72],"P90_VALUE":[93,86],"MAX_VALUE":[93,87]},"PREVALENCE_BY_GENDER_AGE_YEAR":{"TRELLIS_NAME":[],"SERIES_NAME":[],"X_CALENDAR_YEAR":[],"Y_PREVALENCE_1000PP":[]},"PREVALENCE_BY_MONTH":{"X_CALENDAR_MONTH":[],"Y_PREVALENCE_1000PP":[]},"LENGTH_OF_ERA":{"CATEGORY":"Length of Era","MIN_VALUE":0,"P10_VALUE":1,"P25_VALUE":2,"MEDIAN_VALUE":5,"P75_VALUE":14,"P90_VALUE":31,"MAX_VALUE":61}}
