{"AGE_AT_FIRST_EXPOSURE":{"CATEGORY":["FEMALE","MALE"],"MIN_VALUE":[29,34],"P10_VALUE":[48,42],"P25_VALUE":[52,59],"MEDIAN_VALUE":[65,62],"P75_VALUE":[81,70],"P90_VALUE":[91,81],"MAX_VALUE":[92,87]},"PREVALENCE_BY_GENDER_AGE_YEAR":{"TRELLIS_NAME":[],"SERIES_NAME":[],"X_CALENDAR_YEAR":[],"Y_PREVALENCE_1000PP":[]},"PREVALENCE_BY_MONTH":{"X_CALENDAR_MONTH":[],"Y_PREVALENCE_1000PP":[]},"LENGTH_OF_ERA":{"CATEGORY":"Length of Era","MIN_VALUE":0,"P10_VALUE":2,"P25_VALUE":4,"MEDIAN_VALUE":6,"P75_VALUE":11,"P90_VALUE":24,"MAX_VALUE":35}}
