{"AGE_AT_FIRST_EXPOSURE":{"CATEGORY":["FEMALE","MALE"],"MIN_VALUE":[21,45],"P10_VALUE":[29,47],"P25_VALUE":[48,53],"MEDIAN_VALUE":[60,62],"P75_VALUE":[80,69],"P90_VALUE":[81,80],"MAX_VALUE":[86,88]},"PREVALENCE_BY_GENDER_AGE_YEAR":{"TRELLIS_NAME":[],"SERIES_NAME":[],"X_CALENDAR_YEAR":[],"Y_PREVALENCE_1000PP":[]},"PREVALENCE_BY_MONTH":{"X_CALENDAR_MONTH":[],"Y_PREVALENCE_1000PP":[]},"LENGTH_OF_ERA":{"CATEGORY":"Length of Era","MIN_VALUE":0,"P10_VALUE":1,"P25_VALUE":2,"MEDIAN_VALUE":3,"P75_VALUE":7,"P90_VALUE":16,"MAX_VALUE":45}}
