{"AGE_AT_FIRST_EXPOSURE":{"CATEGORY":["FEMALE","MALE"],"MIN_VALUE":[63,34],"P10_VALUE":[63,34],"P25_VALUE":[67,51],"MEDIAN_VALUE":[80,63],"P75_VALUE":[83,83],"P90_VALUE":[92,84],"MAX_VALUE":[92,84]},"PREVALENCE_BY_GENDER_AGE_YEAR":{"TRELLIS_NAME":[],"SERIES_NAME":[],"X_CALENDAR_YEAR":[],"Y_PREVALENCE_1000PP":[]},"PREVALENCE_BY_MONTH":{"X_CALENDAR_MONTH":[],"Y_PREVALENCE_1000PP":[]},"LENGTH_OF_ERA":{"CATEGORY":"Length of Era","MIN_VALUE":0,"P10_VALUE":1,"P25_VALUE":1,"MEDIAN_VALUE":3,"P75_VALUE":7,"P90_VALUE":9,"MAX_VALUE":22}}
