{"AGE_AT_FIRST_EXPOSURE":{"CATEGORY":["FEMALE","MALE"],"MIN_VALUE":[46,34],"P10_VALUE":[46,45],"P25_VALUE":[50,52],"MEDIAN_VALUE":[59,60],"P75_VALUE":[80,67],"P90_VALUE":[89,78],"MAX_VALUE":[89,87]},"PREVALENCE_BY_GENDER_AGE_YEAR":{"TRELLIS_NAME":[],"SERIES_NAME":[],"X_CALENDAR_YEAR":[],"Y_PREVALENCE_1000PP":[]},"PREVALENCE_BY_MONTH":{"X_CALENDAR_MONTH":[],"Y_PREVALENCE_1000PP":[]},"LENGTH_OF_ERA":{"CATEGORY":"Length of Era","MIN_VALUE":0,"P10_VALUE":1,"P25_VALUE":2,"MEDIAN_VALUE":4,"P75_VALUE":12,"P90_VALUE":17,"MAX_VALUE":33}}
