{"AGE_AT_FIRST_EXPOSURE":{"CATEGORY":["FEMALE","MALE"],"MIN_VALUE":[29,43],"P10_VALUE":[29,43],"P25_VALUE":[50,45],"MEDIAN_VALUE":[51,66],"P75_VALUE":[58,72],"P90_VALUE":[75,81],"MAX_VALUE":[75,81]},"PREVALENCE_BY_GENDER_AGE_YEAR":{"TRELLIS_NAME":[],"SERIES_NAME":[],"X_CALENDAR_YEAR":[],"Y_PREVALENCE_1000PP":[]},"PREVALENCE_BY_MONTH":{"X_CALENDAR_MONTH":[],"Y_PREVALENCE_1000PP":[]},"LENGTH_OF_ERA":{"CATEGORY":"Length of Era","MIN_VALUE":0,"P10_VALUE":1,"P25_VALUE":3,"MEDIAN_VALUE":5,"P75_VALUE":11,"P90_VALUE":17,"MAX_VALUE":21}}
