{"AGE_AT_FIRST_EXPOSURE":{"CATEGORY":["FEMALE","MALE"],"MIN_VALUE":[21,43],"P10_VALUE":[21,45],"P25_VALUE":[48,47],"MEDIAN_VALUE":[58,60],"P75_VALUE":[63,69],"P90_VALUE":[75,72],"MAX_VALUE":[75,79]},"PREVALENCE_BY_GENDER_AGE_YEAR":{"TRELLIS_NAME":[],"SERIES_NAME":[],"X_CALENDAR_YEAR":[],"Y_PREVALENCE_1000PP":[]},"PREVALENCE_BY_MONTH":{"X_CALENDAR_MONTH":[],"Y_PREVALENCE_1000PP":[]},"LENGTH_OF_ERA":{"CATEGORY":"Length of Era","MIN_VALUE":0,"P10_VALUE":0,"P25_VALUE":0,"MEDIAN_VALUE":1,"P75_VALUE":7,"P90_VALUE":9,"MAX_VALUE":10}}
