{"AGE_AT_FIRST_EXPOSURE":{"CATEGORY":["FEMALE","MALE"],"MIN_VALUE":[26,34],"P10_VALUE":[28,43],"P25_VALUE":[48,56],"MEDIAN_VALUE":[63,65],"P75_VALUE":[69,72],"P90_VALUE":[81,82],"MAX_VALUE":[83,86]},"PREVALENCE_BY_GENDER_AGE_YEAR":{"TRELLIS_NAME":[],"SERIES_NAME":[],"X_CALENDAR_YEAR":[],"Y_PREVALENCE_1000PP":[]},"PREVALENCE_BY_MONTH":{"X_CALENDAR_MONTH":[],"Y_PREVALENCE_1000PP":[]},"LENGTH_OF_ERA":{"CATEGORY":"Length of Era","MIN_VALUE":0,"P10_VALUE":0,"P25_VALUE":1,"MEDIAN_VALUE":3,"P75_VALUE":9,"P90_VALUE":13,"MAX_VALUE":44}}
