{"AGE_AT_FIRST_EXPOSURE":{"CATEGORY":["FEMALE","MALE"],"MIN_VALUE":[21,28],"P10_VALUE":[29,44],"P25_VALUE":[48,53],"MEDIAN_VALUE":[59,66],"P75_VALUE":[72,72],"P90_VALUE":[81,79],"MAX_VALUE":[91,87]},"PREVALENCE_BY_GENDER_AGE_YEAR":{"TRELLIS_NAME":[],"SERIES_NAME":[],"X_CALENDAR_YEAR":[],"Y_PREVALENCE_1000PP":[]},"PREVALENCE_BY_MONTH":{"X_CALENDAR_MONTH":[],"Y_PREVALENCE_1000PP":[]},"LENGTH_OF_ERA":{"CATEGORY":"Length of Era","MIN_VALUE":0,"P10_VALUE":1,"P25_VALUE":2,"MEDIAN_VALUE":3,"P75_VALUE":10,"P90_VALUE":22,"MAX_VALUE":76}}
