{"AGE_AT_FIRST_EXPOSURE":{"CATEGORY":["FEMALE","MALE"],"MIN_VALUE":[38,44],"P10_VALUE":[38,44],"P25_VALUE":[46,51],"MEDIAN_VALUE":[68,59],"P75_VALUE":[82,65],"P90_VALUE":[89,67],"MAX_VALUE":[89,67]},"PREVALENCE_BY_GENDER_AGE_YEAR":{"TRELLIS_NAME":[],"SERIES_NAME":[],"X_CALENDAR_YEAR":[],"Y_PREVALENCE_1000PP":[]},"PREVALENCE_BY_MONTH":{"X_CALENDAR_MONTH":[],"Y_PREVALENCE_1000PP":[]},"LENGTH_OF_ERA":{"CATEGORY":"Length of Era","MIN_VALUE":0,"P10_VALUE":0,"P25_VALUE":2,"MEDIAN_VALUE":5,"P75_VALUE":9,"P90_VALUE":17,"MAX_VALUE":23}}
