{"AGE_AT_FIRST_EXPOSURE":{"CATEGORY":["FEMALE","MALE"],"MIN_VALUE":[28,34],"P10_VALUE":[28,34],"P25_VALUE":[43,63],"MEDIAN_VALUE":[58,79],"P75_VALUE":[71,87],"P90_VALUE":[83,91],"MAX_VALUE":[83,91]},"PREVALENCE_BY_GENDER_AGE_YEAR":{"TRELLIS_NAME":[],"SERIES_NAME":[],"X_CALENDAR_YEAR":[],"Y_PREVALENCE_1000PP":[]},"PREVALENCE_BY_MONTH":{"X_CALENDAR_MONTH":[],"Y_PREVALENCE_1000PP":[]},"LENGTH_OF_ERA":{"CATEGORY":"Length of Era","MIN_VALUE":0,"P10_VALUE":2,"P25_VALUE":3,"MEDIAN_VALUE":7,"P75_VALUE":10,"P90_VALUE":35,"MAX_VALUE":48}}
