{"AGE_AT_FIRST_EXPOSURE":{"CATEGORY":["FEMALE","MALE"],"MIN_VALUE":[38,48],"P10_VALUE":[38,48],"P25_VALUE":[48,58],"MEDIAN_VALUE":[51,64],"P75_VALUE":[75,76],"P90_VALUE":[80,87],"MAX_VALUE":[80,87]},"PREVALENCE_BY_GENDER_AGE_YEAR":{"TRELLIS_NAME":[],"SERIES_NAME":[],"X_CALENDAR_YEAR":[],"Y_PREVALENCE_1000PP":[]},"PREVALENCE_BY_MONTH":{"X_CALENDAR_MONTH":[],"Y_PREVALENCE_1000PP":[]},"LENGTH_OF_ERA":{"CATEGORY":"Length of Era","MIN_VALUE":0,"P10_VALUE":0,"P25_VALUE":0,"MEDIAN_VALUE":1,"P75_VALUE":7,"P90_VALUE":15,"MAX_VALUE":30}}
