{"AGE_AT_FIRST_EXPOSURE":{"CATEGORY":["FEMALE","MALE"],"MIN_VALUE":[28,34],"P10_VALUE":[48,42],"P25_VALUE":[53,57],"MEDIAN_VALUE":[70,62],"P75_VALUE":[82,72],"P90_VALUE":[89,81],"MAX_VALUE":[92,88]},"PREVALENCE_BY_GENDER_AGE_YEAR":{"TRELLIS_NAME":[],"SERIES_NAME":[],"X_CALENDAR_YEAR":[],"Y_PREVALENCE_1000PP":[]},"PREVALENCE_BY_MONTH":{"X_CALENDAR_MONTH":[],"Y_PREVALENCE_1000PP":[]},"LENGTH_OF_ERA":{"CATEGORY":"Length of Era","MIN_VALUE":0,"P10_VALUE":1,"P25_VALUE":1,"MEDIAN_VALUE":3,"P75_VALUE":7,"P90_VALUE":18,"MAX_VALUE":33}}
