{"AGE_AT_FIRST_EXPOSURE":{"CATEGORY":["FEMALE","MALE"],"MIN_VALUE":[38,28],"P10_VALUE":[48,45],"P25_VALUE":[53,53],"MEDIAN_VALUE":[63,65],"P75_VALUE":[67,78],"P90_VALUE":[88,83],"MAX_VALUE":[91,84]},"PREVALENCE_BY_GENDER_AGE_YEAR":{"TRELLIS_NAME":[],"SERIES_NAME":[],"X_CALENDAR_YEAR":[],"Y_PREVALENCE_1000PP":[]},"PREVALENCE_BY_MONTH":{"X_CALENDAR_MONTH":[],"Y_PREVALENCE_1000PP":[]},"LENGTH_OF_ERA":{"CATEGORY":"Length of Era","MIN_VALUE":0,"P10_VALUE":1,"P25_VALUE":2,"MEDIAN_VALUE":4,"P75_VALUE":7,"P90_VALUE":12,"MAX_VALUE":42}}
