{"AGE_AT_FIRST_EXPOSURE":{"CATEGORY":["FEMALE","MALE"],"MIN_VALUE":[21,28],"P10_VALUE":[29,43],"P25_VALUE":[48,58],"MEDIAN_VALUE":[63,66],"P75_VALUE":[71,72],"P90_VALUE":[83,81],"MAX_VALUE":[91,87]},"PREVALENCE_BY_GENDER_AGE_YEAR":{"TRELLIS_NAME":[],"SERIES_NAME":[],"X_CALENDAR_YEAR":[],"Y_PREVALENCE_1000PP":[]},"PREVALENCE_BY_MONTH":{"X_CALENDAR_MONTH":[],"Y_PREVALENCE_1000PP":[]},"LENGTH_OF_ERA":{"CATEGORY":"Length of Era","MIN_VALUE":0,"P10_VALUE":1,"P25_VALUE":3,"MEDIAN_VALUE":5,"P75_VALUE":15,"P90_VALUE":32,"MAX_VALUE":88}}
