{"AGE_AT_FIRST_EXPOSURE":{"CATEGORY":["FEMALE","MALE"],"MIN_VALUE":[32,42],"P10_VALUE":[32,42],"P25_VALUE":[48,56],"MEDIAN_VALUE":[55,66],"P75_VALUE":[70,67],"P90_VALUE":[80,72],"MAX_VALUE":[80,72]},"PREVALENCE_BY_GENDER_AGE_YEAR":{"TRELLIS_NAME":[],"SERIES_NAME":[],"X_CALENDAR_YEAR":[],"Y_PREVALENCE_1000PP":[]},"PREVALENCE_BY_MONTH":{"X_CALENDAR_MONTH":[],"Y_PREVALENCE_1000PP":[]},"LENGTH_OF_ERA":{"CATEGORY":"Length of Era","MIN_VALUE":0,"P10_VALUE":0,"P25_VALUE":1,"MEDIAN_VALUE":2,"P75_VALUE":4,"P90_VALUE":12,"MAX_VALUE":35}}
