{"AGE_AT_FIRST_EXPOSURE":{"CATEGORY":["FEMALE","MALE"],"MIN_VALUE":[38,44],"P10_VALUE":[38,44],"P25_VALUE":[51,56],"MEDIAN_VALUE":[53,60],"P75_VALUE":[74,63],"P90_VALUE":[82,80],"MAX_VALUE":[82,80]},"PREVALENCE_BY_GENDER_AGE_YEAR":{"TRELLIS_NAME":[],"SERIES_NAME":[],"X_CALENDAR_YEAR":[],"Y_PREVALENCE_1000PP":[]},"PREVALENCE_BY_MONTH":{"X_CALENDAR_MONTH":[],"Y_PREVALENCE_1000PP":[]},"LENGTH_OF_ERA":{"CATEGORY":"Length of Era","MIN_VALUE":0,"P10_VALUE":1,"P25_VALUE":2,"MEDIAN_VALUE":6,"P75_VALUE":11,"P90_VALUE":13,"MAX_VALUE":35}}
