{"AGE_AT_FIRST_EXPOSURE":{"CATEGORY":["FEMALE","MALE"],"MIN_VALUE":[21,28],"P10_VALUE":[32,43],"P25_VALUE":[48,51],"MEDIAN_VALUE":[58,62],"P75_VALUE":[70,69],"P90_VALUE":[81,84],"MAX_VALUE":[89,88]},"PREVALENCE_BY_GENDER_AGE_YEAR":{"TRELLIS_NAME":[],"SERIES_NAME":[],"X_CALENDAR_YEAR":[],"Y_PREVALENCE_1000PP":[]},"PREVALENCE_BY_MONTH":{"X_CALENDAR_MONTH":[],"Y_PREVALENCE_1000PP":[]},"LENGTH_OF_ERA":{"CATEGORY":"Length of Era","MIN_VALUE":0,"P10_VALUE":1,"P25_VALUE":1,"MEDIAN_VALUE":3,"P75_VALUE":8,"P90_VALUE":13,"MAX_VALUE":100}}
