{"AGE_AT_FIRST_EXPOSURE":{"CATEGORY":["FEMALE","MALE"],"MIN_VALUE":[21,28],"P10_VALUE":[29,44],"P25_VALUE":[48,53],"MEDIAN_VALUE":[63,64],"P75_VALUE":[72,70],"P90_VALUE":[88,82],"MAX_VALUE":[91,91]},"PREVALENCE_BY_GENDER_AGE_YEAR":{"TRELLIS_NAME":[],"SERIES_NAME":[],"X_CALENDAR_YEAR":[],"Y_PREVALENCE_1000PP":[]},"PREVALENCE_BY_MONTH":{"X_CALENDAR_MONTH":[],"Y_PREVALENCE_1000PP":[]},"LENGTH_OF_ERA":{"CATEGORY":"Length of Era","MIN_VALUE":0,"P10_VALUE":1,"P25_VALUE":2,"MEDIAN_VALUE":5,"P75_VALUE":10,"P90_VALUE":29,"MAX_VALUE":101}}
