{"AGE_AT_FIRST_EXPOSURE":{"CATEGORY":["FEMALE","MALE"],"MIN_VALUE":[26,46],"P10_VALUE":[26,46],"P25_VALUE":[40,62],"MEDIAN_VALUE":[58,66],"P75_VALUE":[78,80],"P90_VALUE":[82,86],"MAX_VALUE":[92,86]},"PREVALENCE_BY_GENDER_AGE_YEAR":{"TRELLIS_NAME":[],"SERIES_NAME":[],"X_CALENDAR_YEAR":[],"Y_PREVALENCE_1000PP":[]},"PREVALENCE_BY_MONTH":{"X_CALENDAR_MONTH":[],"Y_PREVALENCE_1000PP":[]},"LENGTH_OF_ERA":{"CATEGORY":"Length of Era","MIN_VALUE":0,"P10_VALUE":0,"P25_VALUE":1,"MEDIAN_VALUE":4,"P75_VALUE":10,"P90_VALUE":15,"MAX_VALUE":27}}
