{"AGE_AT_FIRST_EXPOSURE":{"CATEGORY":["FEMALE","MALE"],"MIN_VALUE":[29,44],"P10_VALUE":[40,45],"P25_VALUE":[53,58],"MEDIAN_VALUE":[63,62],"P75_VALUE":[82,72],"P90_VALUE":[89,79],"MAX_VALUE":[92,87]},"DAYS_SUPPLY_DISTRIBUTION":{"CATEGORY":[],"MIN_VALUE":[],"P10_VALUE":[],"P25_VALUE":[],"MEDIAN_VALUE":[],"P75_VALUE":[],"P90_VALUE":[],"MAX_VALUE":[]},"DRUGS_BY_TYPE":{"CONCEPT_NAME":"EHR prescription","COUNT_VALUE":66},"PREVALENCE_BY_GENDER_AGE_YEAR":{"TRELLIS_NAME":[],"SERIES_NAME":[],"X_CALENDAR_YEAR":[],"Y_PREVALENCE_1000PP":[]},"PREVALENCE_BY_MONTH":{"X_CALENDAR_MONTH":[],"Y_PREVALENCE_1000PP":[]},"DRUG_FREQUENCY_DISTRIBUTION":{"Y_NUM_PERSONS":[25,15,9],"X_COUNT":[1,2,3]},"QUANTITY_DISTRIBUTION":{"CATEGORY":"Quantity","MIN_VALUE":1,"P10_VALUE":1,"P25_VALUE":2,"MEDIAN_VALUE":2,"P75_VALUE":2,"P90_VALUE":2,"MAX_VALUE":2},"REFILLS_DISTRIBUTION":{"CATEGORY":[],"MIN_VALUE":[],"P10_VALUE":[],"P25_VALUE":[],"MEDIAN_VALUE":[],"P75_VALUE":[],"P90_VALUE":[],"MAX_VALUE":[]}}
