{"AGE_AT_FIRST_EXPOSURE":{"CATEGORY":"FEMALE","MIN_VALUE":21,"P10_VALUE":26,"P25_VALUE":40,"MEDIAN_VALUE":57,"P75_VALUE":67,"P90_VALUE":83,"MAX_VALUE":91},"DAYS_SUPPLY_DISTRIBUTION":{"CATEGORY":[],"MIN_VALUE":[],"P10_VALUE":[],"P25_VALUE":[],"MEDIAN_VALUE":[],"P75_VALUE":[],"P90_VALUE":[],"MAX_VALUE":[]},"DRUGS_BY_TYPE":{"CONCEPT_NAME":"EHR prescription","COUNT_VALUE":63},"PREVALENCE_BY_GENDER_AGE_YEAR":{"TRELLIS_NAME":[],"SERIES_NAME":[],"X_CALENDAR_YEAR":[],"Y_PREVALENCE_1000PP":[]},"PREVALENCE_BY_MONTH":{"X_CALENDAR_MONTH":[],"Y_PREVALENCE_1000PP":[]},"DRUG_FREQUENCY_DISTRIBUTION":{"Y_NUM_PERSONS":[21,14,13,6],"X_COUNT":[1,2,3,4]},"QUANTITY_DISTRIBUTION":{"CATEGORY":"Quantity","MIN_VALUE":10,"P10_VALUE":20,"P25_VALUE":20,"MEDIAN_VALUE":20,"P75_VALUE":20,"P90_VALUE":30,"MAX_VALUE":30},"REFILLS_DISTRIBUTION":{"CATEGORY":[],"MIN_VALUE":[],"P10_VALUE":[],"P25_VALUE":[],"MEDIAN_VALUE":[],"P75_VALUE":[],"P90_VALUE":[],"MAX_VALUE":[]}}
