{"AGE_AT_FIRST_EXPOSURE":{"CATEGORY":["FEMALE","MALE"],"MIN_VALUE":[21,34],"P10_VALUE":[26,43],"P25_VALUE":[46,63],"MEDIAN_VALUE":[59,67],"P75_VALUE":[80,76],"P90_VALUE":[81,82],"MAX_VALUE":[91,87]},"DAYS_SUPPLY_DISTRIBUTION":{"CATEGORY":[],"MIN_VALUE":[],"P10_VALUE":[],"P25_VALUE":[],"MEDIAN_VALUE":[],"P75_VALUE":[],"P90_VALUE":[],"MAX_VALUE":[]},"DRUGS_BY_TYPE":{"CONCEPT_NAME":"EHR prescription","COUNT_VALUE":68},"PREVALENCE_BY_GENDER_AGE_YEAR":{"TRELLIS_NAME":[],"SERIES_NAME":[],"X_CALENDAR_YEAR":[],"Y_PREVALENCE_1000PP":[]},"PREVALENCE_BY_MONTH":{"X_CALENDAR_MONTH":[],"Y_PREVALENCE_1000PP":[]},"DRUG_FREQUENCY_DISTRIBUTION":{"Y_NUM_PERSONS":[25,17,15],"X_COUNT":[1,2,3]},"QUANTITY_DISTRIBUTION":{"CATEGORY":"Quantity","MIN_VALUE":1,"P10_VALUE":1,"P25_VALUE":2,"MEDIAN_VALUE":2,"P75_VALUE":3,"P90_VALUE":4,"MAX_VALUE":4},"REFILLS_DISTRIBUTION":{"CATEGORY":[],"MIN_VALUE":[],"P10_VALUE":[],"P25_VALUE":[],"MEDIAN_VALUE":[],"P75_VALUE":[],"P90_VALUE":[],"MAX_VALUE":[]}}
