{"AGE_AT_FIRST_EXPOSURE":{"CATEGORY":["FEMALE","MALE"],"MIN_VALUE":[29,44],"P10_VALUE":[29,54],"P25_VALUE":[48,58],"MEDIAN_VALUE":[63,64],"P75_VALUE":[80,70],"P90_VALUE":[91,78],"MAX_VALUE":[91,87]},"DAYS_SUPPLY_DISTRIBUTION":{"CATEGORY":[],"MIN_VALUE":[],"P10_VALUE":[],"P25_VALUE":[],"MEDIAN_VALUE":[],"P75_VALUE":[],"P90_VALUE":[],"MAX_VALUE":[]},"DRUGS_BY_TYPE":{"CONCEPT_NAME":"EHR prescription","COUNT_VALUE":291},"PREVALENCE_BY_GENDER_AGE_YEAR":{"TRELLIS_NAME":[],"SERIES_NAME":[],"X_CALENDAR_YEAR":[],"Y_PREVALENCE_1000PP":[]},"PREVALENCE_BY_MONTH":{"X_CALENDAR_MONTH":[],"Y_PREVALENCE_1000PP":[]},"DRUG_FREQUENCY_DISTRIBUTION":{"Y_NUM_PERSONS":[25,20,17,14,13,11,10,9,8,7,6],"X_COUNT":[1,2,3,4,5,7,8,10,13,15,19]},"QUANTITY_DISTRIBUTION":{"CATEGORY":"Quantity","MIN_VALUE":0,"P10_VALUE":0.01,"P25_VALUE":0.02,"MEDIAN_VALUE":0.03,"P75_VALUE":1,"P90_VALUE":1,"MAX_VALUE":1},"REFILLS_DISTRIBUTION":{"CATEGORY":[],"MIN_VALUE":[],"P10_VALUE":[],"P25_VALUE":[],"MEDIAN_VALUE":[],"P75_VALUE":[],"P90_VALUE":[],"MAX_VALUE":[]}}
