{"AGE_AT_FIRST_EXPOSURE":{"CATEGORY":"MALE","MIN_VALUE":47,"P10_VALUE":47,"P25_VALUE":60,"MEDIAN_VALUE":67,"P75_VALUE":78,"P90_VALUE":79,"MAX_VALUE":87},"DAYS_SUPPLY_DISTRIBUTION":{"CATEGORY":[],"MIN_VALUE":[],"P10_VALUE":[],"P25_VALUE":[],"MEDIAN_VALUE":[],"P75_VALUE":[],"P90_VALUE":[],"MAX_VALUE":[]},"DRUGS_BY_TYPE":{"CONCEPT_NAME":"EHR prescription","COUNT_VALUE":29},"PREVALENCE_BY_GENDER_AGE_YEAR":{"TRELLIS_NAME":[],"SERIES_NAME":[],"X_CALENDAR_YEAR":[],"Y_PREVALENCE_1000PP":[]},"PREVALENCE_BY_MONTH":{"X_CALENDAR_MONTH":[],"Y_PREVALENCE_1000PP":[]},"DRUG_FREQUENCY_DISTRIBUTION":{"Y_NUM_PERSONS":[14,8],"X_COUNT":[1,2]},"QUANTITY_DISTRIBUTION":{"CATEGORY":"Quantity","MIN_VALUE":0.5,"P10_VALUE":1,"P25_VALUE":1,"MEDIAN_VALUE":2,"P75_VALUE":2,"P90_VALUE":2,"MAX_VALUE":5},"REFILLS_DISTRIBUTION":{"CATEGORY":[],"MIN_VALUE":[],"P10_VALUE":[],"P25_VALUE":[],"MEDIAN_VALUE":[],"P75_VALUE":[],"P90_VALUE":[],"MAX_VALUE":[]}}
