{"AGE_AT_FIRST_EXPOSURE":{"CATEGORY":"MALE","MIN_VALUE":53,"P10_VALUE":53,"P25_VALUE":58,"MEDIAN_VALUE":61,"P75_VALUE":67,"P90_VALUE":69,"MAX_VALUE":69},"DAYS_SUPPLY_DISTRIBUTION":{"CATEGORY":[],"MIN_VALUE":[],"P10_VALUE":[],"P25_VALUE":[],"MEDIAN_VALUE":[],"P75_VALUE":[],"P90_VALUE":[],"MAX_VALUE":[]},"DRUGS_BY_TYPE":{"CONCEPT_NAME":"EHR prescription","COUNT_VALUE":15},"PREVALENCE_BY_GENDER_AGE_YEAR":{"TRELLIS_NAME":[],"SERIES_NAME":[],"X_CALENDAR_YEAR":[],"Y_PREVALENCE_1000PP":[]},"PREVALENCE_BY_MONTH":{"X_CALENDAR_MONTH":[],"Y_PREVALENCE_1000PP":[]},"DRUG_FREQUENCY_DISTRIBUTION":{"Y_NUM_PERSONS":10,"X_COUNT":1},"QUANTITY_DISTRIBUTION":{"CATEGORY":"Quantity","MIN_VALUE":0.5,"P10_VALUE":0.5,"P25_VALUE":0.5,"MEDIAN_VALUE":0.5,"P75_VALUE":1,"P90_VALUE":1,"MAX_VALUE":1},"REFILLS_DISTRIBUTION":{"CATEGORY":[],"MIN_VALUE":[],"P10_VALUE":[],"P25_VALUE":[],"MEDIAN_VALUE":[],"P75_VALUE":[],"P90_VALUE":[],"MAX_VALUE":[]}}
