{"AGE_AT_FIRST_EXPOSURE":{"CATEGORY":[],"MIN_VALUE":[],"P10_VALUE":[],"P25_VALUE":[],"MEDIAN_VALUE":[],"P75_VALUE":[],"P90_VALUE":[],"MAX_VALUE":[]},"DAYS_SUPPLY_DISTRIBUTION":{"CATEGORY":[],"MIN_VALUE":[],"P10_VALUE":[],"P25_VALUE":[],"MEDIAN_VALUE":[],"P75_VALUE":[],"P90_VALUE":[],"MAX_VALUE":[]},"DRUGS_BY_TYPE":{"CONCEPT_NAME":"EHR prescription","COUNT_VALUE":9},"PREVALENCE_BY_GENDER_AGE_YEAR":{"TRELLIS_NAME":[],"SERIES_NAME":[],"X_CALENDAR_YEAR":[],"Y_PREVALENCE_1000PP":[]},"PREVALENCE_BY_MONTH":{"X_CALENDAR_MONTH":[],"Y_PREVALENCE_1000PP":[]},"DRUG_FREQUENCY_DISTRIBUTION":{"Y_NUM_PERSONS":8,"X_COUNT":1},"QUANTITY_DISTRIBUTION":{"CATEGORY":"Quantity","MIN_VALUE":0.01,"P10_VALUE":0.01,"P25_VALUE":0.01,"MEDIAN_VALUE":0.01,"P75_VALUE":0.03,"P90_VALUE":0.03,"MAX_VALUE":0.03},"REFILLS_DISTRIBUTION":{"CATEGORY":[],"MIN_VALUE":[],"P10_VALUE":[],"P25_VALUE":[],"MEDIAN_VALUE":[],"P75_VALUE":[],"P90_VALUE":[],"MAX_VALUE":[]}}
